Insert into utente()
values ("elia@ciao.com", "$2y$10$UWeMYyFZt7W0TMFxmD/3rutjY9U0i/L8XY4fsAbkQQnabWANu49P6", "elia", "zavatta",1, "via verdi 1", "Gambettola", "Italia", 47035);

Insert into utente()
values ("pietro@ciao.com", "$2y$10$UWeMYyFZt7W0TMFxmD/3rutjY9U0i/L8XY4fsAbkQQnabWANu49P6", "pietro", "lelli",1, "via verdi 2","Gambettola", "Italia", 47035);

Insert into utente()
values ("giovanni@ciao.com", "$2y$10$UWeMYyFZt7W0TMFxmD/3rutjY9U0i/L8XY4fsAbkQQnabWANu49P6", "giovanni", "maffi",1, "via rossi 12","Linaro", "Italia", 47065);

Insert into utente()
values ("marco@ciao.com", "$2y$10$UWeMYyFZt7W0TMFxmD/3rutjY9U0i/L8XY4fsAbkQQnabWANu49P6", "marco", "rossi", 0, "via neri 23","Cesena", "Italia", 47085);

Insert into artista()
values ("Picasso", "Pablo", "picasso.jpg", 
"Nato il 25 ottobre 1881 e' uno dei piu' grandi artisti mai esistiti, fondatore del cubismo. ");

Insert into artista()
values ("Dali'", "Salvador", "dali.jpg", 
"Lo spagnolo Salvador Dali' (Figueres, 1904-1989) e' considerato uno dei piu' importanti artisti del XX secolo, ed uno degli esponenti di punta del Surrealismo.");

Insert into artista()
values ("Van Gogh", "Vincent", "vangogh.png", 
"Van Gogh nasce il 30 marzo 1853 a Groot Zundert (Olanda). E' uno dei pittori più celebri dell'intera storia dell'arte.");

Insert into artista()
values ("Munch", "Edvard", "Munch.jpeg", 
"Edvard Munch, il pittore che senz'altro più di ogni altro anticipa l'espressionismo, nasce il 12 dicembre 1863 a Löten.");

Insert into artista()
values ("Da Vinci", "Leonardo", "leodavinci.jpg", 
"Leonardo da Vinci (Anchiano, 15 aprile 1452), è stato uno scienziato, inventore e artista italiano. Uomo d'ingegno e talento universale del Rinascimento.");

Insert into artista()
values ("Kandinsky", "Vassilly", "kandisky.jpg", 
"Vassilly Kandinsky (Mosca, 16 dicembre 1866) è stato un pittore russo, precursore e fondatore della pittura astratta.");

Insert into artista()
values ("Friedrich", "Caspar David", "friedrich.jpg", 
"Caspar David Friedrich nacque a Greifswald (Pomerania) nel 1774; è stato un pittore tedesco, maggior esponente del Romanticismo Tedesco");

Insert into artista()
values ("Fussli", "Johann Heinrich", "fussli.jpg", 
"Johann Heinrich Füssli (Zurigo, 7 febbraio 1741) è stato un letterato e pittore svizzero, che esercitò la sua attività principalmente in Gran Bretagna");

Insert into artista()
values ("Turner", "William", "turner.jpg", 
"William Turner (Londra, 23 aprile 1775) è stato un pittore e incisore inglese. Appartenente al movimento romantico, pose le basi dell'Impressionismo");

Insert into artista()
values ("Géricault", "Théodore", "gericault.jpg", 
"Gericault nacque nel 1791 e morì nel 1824. Fu un pittore, disegnatore e litografo francese.");

Insert into artista()
values ("Delacroix", "Eugène", "delacroix.jpg", 
"Eugène Delacroix (Saint-Maurice, 26 aprile 1798), è stato un artista e pittore francese, principale esponente del movimento romantico.");

Insert into artista()
values ("Magritte", "Renè", "magritte.jpg", 
"René Magritte (Lessines, 21 novembre 1898) è stato un pittore belga, è considerato il maggior pittore del surrealismo in Belgio");

Insert into artista()
values ("Cezanne", "Paul", "cezanne.jpg", 
"Paul Cézanne (Aix-en-Provence 1839-1906) è stato un pittore francese, considerato uno dei più grandi artisti del XIX secolo.");

Insert into artista()
values ("Botticelli", "Sandro", "botticelli.jpg", 
"Sandro Botticelli (Firenze, 1º marzo 1445), è stato un pittore italiano inquadrabile nella corrente artistica del Rinascimento.");

Insert into artista()
values ("Mirò", "Joan", "miro.jpg", 
"Miró è stato un artista poliedrico prolifico e riconosciuto come uno dei più influenti del XX secolo.");

Insert into artista()
values ("Renoir", "Pierre-Auguste", "renoir.jpg", 
"Pierre Auguste Renoir, pittore e incisore, uno dei primissimi Impressionisti francesi, nasce il 25 febbraio 1841 a Limoges.");

Insert into artista()
values ("Monet", "Claude", "monet.jpg", 
"Claude Monet (Parigi, 14 novembre 1840), considerato uno dei fondatori dell'impressionismo francese.");


Insert into artista()
values ("Boccioni", "Umberto", "boccioni.jpg", 
"Umberto Boccioni (Reggio Calabria, 19 ottobre 1882) è stato un pittore e scultore italiano, esponente di spicco del futurismo.");

Insert into artista()
values ("Vecellio", "Tiziano", "vecellio.jpg", 
"Tiziano Vecellio(Pieve di Cadore, 1488/1490), è stato un pittore italiano, importante esponente della scuola veneziana.");

Insert into artista()
values ("Manet", "Edouard", "manet.jpg", 
"Edouard Manet (Parigi, 23 gennaio 1832) è stato un pittore francese, il maggiore interprete della pittura pre-impressionista.");

Insert into artista()
values ("Klee", "Paul", "klee.jpg", 
"Pittore, teorico, musicista, vissuto fra Ottocento e Novecento, è stato un artista dalla sensibilità raffinata.");

Insert into artista()
values ("Carrà", "Carlo", "carra.jpeg", 
"Pittore italiano (Quargnento 1881), una delle figure più eminenti dell'arte italiana del Novecento.");

insert into CorrenteArtistica()
values ("Cubismo", "cubismo.jpg", "Cubismo e' il termine col quale si e' soliti rappresentare una corrente artistica e culturale ben riconoscibile, distinta e fondante rispetto a molte altre correnti e movimenti che si sarebbero successivamente sviluppate. Tuttavia il cubismo non è un movimento capeggiato da un fondatore e non ha una direzione unitaria.");

insert into CorrenteArtistica()
values ("Espressionismo", "espressionismo.png", "L'Espressionismo fu un movimento artistico europeo che si diffuse nel primo ventennio del Novecento inizialmente in Germania, come reazione al naturalismo e all'impressionismo.");

insert into CorrenteArtistica()
values ("Futurismo", "futurismo.jpg", "Il Futurismo è stato un movimento letterario, culturale, artistico e musicale italiano dell'inizio del XX secolo , nonché una delle prime avanguardie europee.");

insert into CorrenteArtistica()
values ("Astrattismo", "astrattismo.png", "L'astrattismo L’arte dei primi decenni del Novecento è segnata dal’attività di numerose avanguardie che richiamavano l’attenzione sul modo di rappresentare la realtà.");

insert into CorrenteArtistica()
values ("Realismo", "realismo.png", "Il realismo è ampiamente considerato l’ inizio dell’ arte moderna. Letteralmente, ciò è dovuto alla sua convinzione che la vita quotidiana e il mondo moderno fossero soggetti adatti all’arte.");

insert into CorrenteArtistica()
values ("Surrealismo", "surrealismo.png", "Il surrealismo è un movimento artistico e letterario d'avanguardia del Novecento, nato negli anni 20 a Parigi come evoluzione del dadaismo, e che coinvolse tutte le arti, toccando anche letteratura e cinema.");

insert into CorrenteArtistica()
values ("Impressionismo", "impressionismo.png", "L’Impressionismo è una corrente artistica nata a Parigi nella seconda metà dell’Ottocento, in contrapposizione all’arte accademica sfidando la critica con opere apparentemente incomplete, spesso realizzate in poche ore.");

insert into CorrenteArtistica()
values ("Romanticismo", "romanticismo.png", "Romanticismo Movimento letterario, artistico e culturale, sorto in Germania e in Inghilterra negli ultimi anni del Settecento e quindi diffusosi in tutta l’Europa nel corso del 19° secolo.");

insert into CorrenteArtistica()
values ("Rinascimento", "rinascimento.png", "L'arte del Rinascimento si sviluppò a Firenze a partire dai primi decenni del Quattrocento, e da qui si diffuse nel resto d'Italia e poi in Europa.");


Insert into quadro()
values ("Guernica","guernica.jpg", "200x100", "Picasso", "Cubismo", "299.99", "Il 26 aprile 1937, gli aerei tedeschi, in appoggio alle truppe del generale Franco contro il governo legittimo repubblicano di Spagna, rasero al suolo, con un bombardamento terroristico, la cittadina basca di Guernica.",0, 1, 100);

Insert into quadro()
values ("L'urlo","Urlo.jpg", "200x100", "Munch", "Espressionismo", "199.99", "urletto pazzo",0 , 2, 100);

Insert into quadro()
values ("Notte stellata","Nottestellata.jpg", "200x100", "Van Gogh", "Espressionismo", "199.99", "bel quadro",0, 3, 100);

Insert into quadro()
values ("La persistenza della memoria","tempo.jpg", "200x100", "Dali'", "Surrealismo", "179.99", "bel quadro",0, 4, 100);

Insert into quadro()
values ("La dama con l'ermellino","damaermellino.jpg", "200x100", "Da Vinci", "Rinascimento", "279.99", "bel quadro",0, 5, 100);

insert into quadro()
values ("Composition 8","composition8.jpg", "300x200", "Kandinsky", "Astrattismo", "279.99", "bel quadro",0, 6, 100);

insert into quadro()
values ("I giocatori di carte","igiocatoridicarte.jpg", "60x50", "Cezanne", "Impressionismo", "90.99", "bel quadro",0, 7, 100);

insert into quadro()
values ("Il carnevale di Arlecchino","ilcarnevalediarlecchino.jpg", "70x90", "Mirò", "Surrealismo", "149.99", "bel quadro",0, 8, 100);

insert into quadro()
values ("La colazione dei canottieri","ilpranzodeicanottieri.jpg", "130x170", "Renoir", "Impressionismo", "179.99", "bel quadro",0, 9, 100);

insert into quadro()
values ("Impressione, levar del sole","impressionelevardelsole.jpg", "50x60", "Monet", "Impressionismo", "249.99", "bel quadro",0, 10, 100);

insert into quadro()
values ("Incubo","incubo.jpg", "100x130", "Fussli", "Romanticismo", "129.99", "bel quadro",0, 11, 100);

insert into quadro()
values ("La risata","larisata.jpg", "110x150", "Boccioni", "Futurismo", "159.99", "bel quadro",0, 12, 100);

insert into quadro()
values ("La zattera della medusa","lazatteradellamedusa.jpg", "500x720", "Gericault", "Romanticismo", "479.99", "bel quadro",0, 13, 100);

insert into quadro()
values ("La morte di Sardanapalo","mortedisandanapalo.jpg", "400x500", "Delacroix", "Romanticismo", "379.99", "bel quadro",0, 14, 100);

insert into quadro()
values ("Tempesta di neve","tempestadineve.jpg", "90x120", "Turner", "Romanticismo", "129.99", "bel quadro",0, 15, 100);

insert into quadro()
values ("Viandante sul mare di nebbia","viandantesumaredinebbia.jpg", "90x70", "Friedrich", "Romanticismo", "379.99", "bel quadro",0, 16, 100);

insert into quadro()
values ("La nascita di Venere","nascitadivenere.jpeg", "170x280", "Botticelli", "Rinascimento", "489.99", "bel quadro",0, 17, 100);

insert into quadro()
values ("L'ultima cena","ultimacena.jpeg", "460x880", "Da Vinci", "Rinascimento", "489.99", "bel quadro",0, 18, 100);

insert into quadro()
values ("L'Annunciazione","annunciazione.jpg", "98x220", "Da Vinci", "Rinascimento", "279.99", "bel quadro",0, 19, 100);


insert into quadro()
values ("La Venede di Urbino","venerediurbino.jpg", "120x165", "Vecellio", "Rinascimento", "219.99", "bel quadro",0, 20, 100);


insert into quadro()
values ("I papaveri","ipapaveri.jpg", "50x65", "Monet", "Impressionismo", "89.99", "bel quadro",0, 21, 100);

insert into quadro()
values ("Olympia","olympia.jpg", "130x190", "Manet", "Impressionismo", "149.99", "bel quadro",0, 22, 100);

insert into quadro()
values ("Ninfee","ninfee.jpg", "50x65", "Monet", "Impressionismo", "89.99", "bel quadro",0, 23, 100);

Insert into quadro()
values ("Les demoiselles d'Avignon","demoiselles.jpg", "245x235", "Picasso", "Cubismo", "249.99", "Il 26 aprile 1937, gli aerei tedeschi, in appoggio alle truppe del generale Franco contro il governo legittimo repubblicano di Spagna, rasero al suolo, con un bombardamento terroristico, la cittadina basca di Guernica.",0, 24, 100);

Insert into quadro()
values ("Cesto di mele","cestodimele.jpg", "65x80", "Cezanne", "Cubismo", "89.99", "Il 26 aprile 1937, gli aerei tedeschi, in appoggio alle truppe del generale Franco contro il governo legittimo repubblicano di Spagna, rasero al suolo, con un bombardamento terroristico, la cittadina basca di Guernica.",0, 25, 100);

Insert into quadro()
values ("La camera blu","camerablu.jpg", "50x62", "Picasso", "Cubismo", "89.99", "Il 26 aprile 1937, gli aerei tedeschi, in appoggio alle truppe del generale Franco contro il governo legittimo repubblicano di Spagna, rasero al suolo, con un bombardamento terroristico, la cittadina basca di Guernica.",0, 26, 100);

Insert into quadro()
values ("Sera sul viale Karl Yohan","serasulviale.jpg", "85x121", "Munch", "Espressionismo", "139.99", "bel quadro",0, 27, 100);

Insert into quadro()
values ("Castello e sole","castelloesole.jpg", "50x60", "Klee", "Espressionismo", "139.99", "bel quadro",0, 28, 100);

Insert into quadro()
values ("Las Meninas","lasmeninas.jpg", "195x260", "Picasso", "Cubismo", "339.99", "bel quadro",0, 29, 100);

Insert into quadro()
values ("Ciò che mi ha detto il tram", "tram.jpg", "80x90", "Carrà", "Futurismo", "139.99", "bel quadro",0, 30, 100);

Insert into quadro()
values ("Volumi orizzontali", "volumiorizzontali.jpg", "95x95", "Boccioni", "Futurismo", "139.99", "bel quadro",0, 31, 100);

insert into quadro()
values ("Gli amanti","gliamanti.jpg", "55x73", "Magritte", "Surrealismo", "89.99", "bel quadro",0, 32, 100);

insert into quadro()
values ("Il figlio dell'uomo","figliodelluomo.jpg", "116x89", "Magritte", "Surrealismo", "89.99", "bel quadro",0, 33, 100);

insert into quadro()
values ("Cigni che riflettono elefanti","cigni.jpg", "51x77", "Magritte", "Surrealismo", "89.99", "bel quadro",0, 34, 100);

insert into quadro()
values ("Il falso specchio","falsospecchio.jpg", "54x81", "Magritte", "Surrealismo", "79.99", "bel quadro",0, 35, 100);


insert into notifica(titolo, testo, link, dataeora, visualizzato, email)
values ("Per te", "Esplora la nostra collezione di quadri.", "archivio-quadri.php", '2021-12-20 18:00:00', false , "elia@ciao.com");

insert into notifica(titolo, testo, link, dataeora, visualizzato, email)
values (("Acquisto #1 completato", "Transazione autorizzata. L'acquisto relativo all'ordine #1 è stato completato. 
     Clicca qui per tracciare il tuo pacco.", "archivio-Ordini.php", '2021-12-20 19:02:00', true , "elia@ciao.com");

insert into notifica(titolo, testo, link, dataeora, visualizzato, email)
values (("Ordine #1 consegnato", "L'ordine #1 è arrivato a destinazione.", "archivio-Ordini.php", '2021-12-24 13:40:00', true , "elia@ciao.com");


insert into ordine(codOrdine, email, dataOrdine, dataConsegna, arrivato, importo)
values (1,"elia@ciao.com",'2021-12-20 18:00:00','2021-12-22 18:00:00',1,799.99);

insert into ordine(codOrdine, email, dataOrdine, dataConsegna, arrivato, importo)
values (2,"pietro@ciao.com",'2021-12-20 18:00:00','2021-12-22 18:00:00',1,129.99);

insert into ordine(codOrdine, email, dataOrdine, dataConsegna, arrivato, importo)
values (3,"giovanni@ciao.com",'2021-12-20 18:00:00','2022-12-22 18:00:00',0,89.99);


insert into quadro_ordinato(codOrdine, titoloQuaOrd, quantita)
values (1,"Guernica",1);

insert into quadro_ordinato(codOrdine, titoloQuaOrd, quantita )
values (1,"Notte stellata", 2);

insert into quadro_ordinato(codOrdine, titoloQuaOrd, quantita)
values (2,"Incubo",1);

insert into quadro_ordinato(codOrdine, titoloQuaOrd, quantita)
values (3,"Ninfee",1);


insert into Carrello(email, titolo, quantita)
values("elia@ciao.com", "Guernica", 2);

insert into Carrello(email, titolo, quantita)
values("elia@ciao.com", "Notte stellata", 1);

insert into Carrello(email, titolo, quantita)
values("pietro@ciao.com", "Guernica", 3);

